{"stats":{"minecraft:picked_up":{"minecraft:dirt":2},"minecraft:custom":{"minecraft:jump":57,"minecraft:time_since_rest":18996,"minecraft:damage_dealt":25,"minecraft:leave_game":6,"minecraft:crouch_one_cm":2356,"minecraft:play_time":18996,"minecraft:sprint_one_cm":3144,"minecraft:time_since_death":18996,"minecraft:walk_one_cm":6538,"minecraft:sneak_time":1136,"minecraft:total_world_time":18996,"minecraft:fly_one_cm":34030},"minecraft:used":{"minecraft:dirt":2,"minecraft:grass_block":1},"minecraft:mined":{"minecraft:grass_block":1,"minecraft:dirt":1}},"DataVersion":3700}