{"stats":{"minecraft:used":{"minecraft:netherite_sword":6,"minecraft:red_sand":1,"minecraft:oak_slab":1,"minecraft:lantern":2,"minecraft:grass_block":56,"minecraft:oak_planks":2,"minecraft:acacia_wood":2,"minecraft:cyan_concrete":1},"minecraft:picked_up":{"minecraft:arrow":2,"minecraft:bone":1,"minecraft:bow":1,"minecraft:netherite_sword":2},"minecraft:custom":{"minecraft:time_since_rest":31454,"minecraft:open_chest":1,"minecraft:crouch_one_cm":19712,"minecraft:damage_taken":450,"minecraft:sprint_one_cm":15701,"minecraft:play_time":65231,"minecraft:deaths":7,"minecraft:walk_one_cm":53136,"minecraft:sneak_time":5409,"minecraft:mob_kills":1,"minecraft:drop":1,"minecraft:jump":299,"minecraft:damage_dealt":343,"minecraft:leave_game":11,"minecraft:walk_on_water_one_cm":192,"minecraft:time_since_death":31454,"minecraft:total_world_time":65231,"minecraft:fall_one_cm":5022,"minecraft:fly_one_cm":302450,"minecraft:player_kills":2},"minecraft:dropped":{"minecraft:cooked_beef":1},"minecraft:killed":{"minecraft:skeleton":1,"minecraft:player":2}},"DataVersion":3700}