{"stats":{"minecraft:picked_up":{"minecraft:feather":2,"minecraft:chicken":1,"minecraft:leather":2,"minecraft:beef":2,"minecraft:dirt":2},"minecraft:custom":{"minecraft:time_since_rest":30471,"minecraft:crouch_one_cm":7035,"minecraft:sprint_one_cm":7153,"minecraft:play_time":30471,"minecraft:walk_one_cm":12687,"minecraft:sneak_time":1903,"minecraft:mob_kills":2,"minecraft:jump":116,"minecraft:damage_dealt":325,"minecraft:leave_game":7,"minecraft:time_since_death":30471,"minecraft:total_world_time":30471,"minecraft:fly_one_cm":49558},"minecraft:used":{"minecraft:netherite_sword":4,"minecraft:dirt":2,"minecraft:grass_block":1},"minecraft:killed":{"minecraft:chicken":1,"minecraft:cow":1},"minecraft:mined":{"minecraft:grass_block":1,"minecraft:dirt":1}},"DataVersion":3700}