{"stats":{"minecraft:custom":{"minecraft:jump":127,"minecraft:open_chest":1,"minecraft:time_since_rest":2283,"minecraft:leave_game":7,"minecraft:crouch_one_cm":5482,"minecraft:time_since_death":2283,"minecraft:play_time":21646,"minecraft:sprint_one_cm":6869,"minecraft:walk_one_cm":16960,"minecraft:walk_on_water_one_cm":192,"minecraft:deaths":4,"minecraft:sneak_time":1743,"minecraft:total_world_time":21646,"minecraft:fly_one_cm":159983},"minecraft:used":{"minecraft:oak_planks":2,"minecraft:cyan_concrete":1,"minecraft:acacia_wood":2,"minecraft:oak_slab":1,"minecraft:lantern":2,"minecraft:grass_block":49}},"DataVersion":3700}