{"stats":{"minecraft:used":{"minecraft:netherite_sword":16,"minecraft:red_sand":1,"minecraft:oak_slab":1,"minecraft:grass_block":56,"minecraft:lantern":2,"minecraft:oak_planks":2,"minecraft:acacia_wood":2,"minecraft:cyan_concrete":1},"minecraft:custom":{"minecraft:time_since_rest":15419,"minecraft:open_chest":1,"minecraft:crouch_one_cm":20870,"minecraft:damage_taken":450,"minecraft:sprint_one_cm":26925,"minecraft:play_time":109418,"minecraft:deaths":8,"minecraft:walk_one_cm":68264,"minecraft:sneak_time":6070,"minecraft:mob_kills":6,"minecraft:drop":1,"minecraft:jump":391,"minecraft:damage_dealt":1223,"minecraft:leave_game":15,"minecraft:time_since_death":15419,"minecraft:walk_on_water_one_cm":192,"minecraft:total_world_time":109418,"minecraft:fall_one_cm":5233,"minecraft:fly_one_cm":402819,"minecraft:player_kills":2},"minecraft:dropped":{"minecraft:cooked_beef":1},"minecraft:picked_up":{"minecraft:arrow":2,"minecraft:bone":1,"minecraft:bow":1,"minecraft:netherite_sword":2,"minecraft:gunpowder":3},"minecraft:killed":{"minecraft:skeleton":1,"minecraft:zombie":1,"minecraft:player":2,"minecraft:creeper":4}},"DataVersion":3700}